Node,AverageCPUUsage,AverageMemoryUsage
broker,3.4390157126851397,9.403139057509213
