Node,AverageCPUUsage,AverageMemoryUsage
runner1,3.4396886087639995,9.399200567506245
