Node,AverageCPUUsage,AverageMemoryUsage
broker,23.236177668279186,8.846970330437854
