Receiver,Sender,SumTotalLatency,TotalMessagesRecv,AverageLatencyMs
runner1,overall,90627982489,85486,1.0601499951921953
runner1,runner1,90627982489,85486,1.0601499951921953
