Node,AverageCPUUsage,AverageMemoryUsage
runner1,23.236684598898606,8.843134555641512
