Node,AverageCPUUsage,AverageMemoryUsage
runner1,2.2173575409568045,8.745372430243975
