Node,AverageCPUUsage,AverageMemoryUsage
broker,28.390581365093155,9.425990597780618
