Node,AverageCPUUsage,AverageMemoryUsage
runner1,28.38542277041484,9.422237542153647
