Node,AverageCPUUsage,AverageMemoryUsage
runner1,2.2044615742860874,5.863847835571326
