Node,AverageCPUUsage,AverageMemoryUsage
broker,14.958666129545321,5.9167361588389324
