Receiver,Sender,SumTotalLatency,TotalMessagesRecv,AverageLatencyMs
runner1,overall,45601688458,86061,0.5298763488455863
runner1,runner1,45601688458,86061,0.5298763488455863
