Node,AverageCPUUsage,AverageMemoryUsage
runner1,14.957750375176708,5.913105854974682
