Node,AverageCPUUsage,AverageMemoryUsage
broker,25.676473186209304,9.219624564461038
