Receiver,Sender,SumTotalLatency,TotalMessagesRecv,AverageLatencyMs
runner1,overall,110474104784,85791,1.287712053525428
runner1,runner1,110474104784,85791,1.287712053525428
