Node,AverageCPUUsage,AverageMemoryUsage
runner1,25.67740452552727,9.215968895815983
