Node,AverageCPUUsage,AverageMemoryUsage
broker,39.511632250399686,5.735856138635896
