Receiver,Sender,SumTotalLatency,TotalMessagesRecv,AverageLatencyMs
runner1,overall,2662706709720,343555,7.750452503150878
runner1,runner1,2662706709720,343555,7.750452503150878
