Node,AverageCPUUsage,AverageMemoryUsage
runner1,39.52473948670625,5.736538900998564
