Receiver,Sender,DurationSeconds,TotalMessagesRecv,AverageThroughput
runner1,overall,600.004643108,343555,572.5872356927088
runner1,runner1,600.004643108,343555,572.5872356927088
