Node,AverageCPUUsage,AverageMemoryUsage
runner1,2.2158816562684454,6.194224004318593
