Receiver,Sender,SumTotalLatency,TotalMessagesRecv,AverageLatencyMs
runner1,overall,2400249697492,339703,7.065730056820223
runner1,runner1,2400249697492,339703,7.065730056820223
