Node,AverageCPUUsage,AverageMemoryUsage
runner1,37.76014174729119,5.999830248838149
