Receiver,Sender,DurationSeconds,TotalMessagesRecv,AverageThroughput
runner1,overall,600.060517148,339703,566.1145672682461
runner1,runner1,600.060517148,339703,566.1145672682461
