Node,AverageCPUUsage,AverageMemoryUsage
broker,62.22858222649727,11.112019769085768
