Receiver,Sender,SumTotalLatency,TotalMessagesRecv,AverageLatencyMs
runner1,overall,81861696915,42902,1.9081091071511818
runner1,runner1,14986933222,8682,1.7262074662520157
runner1,runner2,16981705337,8561,1.983612351010396
runner1,runner3,16562138841,8518,1.9443694342568678
runner1,runner4,16981608797,8560,1.9838328033878505
runner1,runner5,16349310718,8581,1.9052920076914113
