Node,AverageCPUUsage,AverageMemoryUsage
runner1,62.249944399640704,11.093577201125719
