Receiver,Sender,DurationSeconds,TotalMessagesRecv,AverageThroughput
runner1,overall,60.007439028,42902,714.9446917736574
runner1,runner1,60.007439028,8682,144.68206176819015
runner1,runner2,60.006438057,8561,142.66802491872494
runner1,runner3,59.998994496,8518,141.96904584072448
runner1,runner4,59.989073129,8560,142.69265307021243
runner1,runner5,59.995082849,8581,143.0283882030347
