Receiver,Sender,SumTotalLatency,TotalMessagesRecv,AverageLatencyMs
runner1,overall,79249601000,86804,0.9129717639740104
runner1,runner1,79249601000,86804,0.9129717639740104
