Node,AverageCPUUsage,AverageMemoryUsage
runner1,14.501763038221393,8.674756860210797
