Receiver,Sender,SumTotalLatency,TotalMessagesRecv,AverageLatencyMs
runner5,overall,75168392243,42902,1.7520952925970819
runner5,runner1,13829608726,8682,1.5929058656991475
runner5,runner2,15561399815,8561,1.8177081900478915
runner5,runner3,15234504127,8518,1.788507176215074
runner5,runner4,15381503695,8560,1.796904637266355
runner5,runner5,15161375880,8581,1.7668541988113273
