Node,AverageCPUUsage,AverageMemoryUsage
runner5,62.261470127024026,11.0924541704232
