Receiver,Sender,DurationSeconds,TotalMessagesRecv,AverageThroughput
runner5,overall,60.00785963,42902,714.9396806439637
runner5,runner1,60.00785963,8682,144.68104767495439
runner5,runner2,60.006987771,8561,142.66671796075948
runner5,runner3,59.999042398,8518,141.9689324955616
runner5,runner4,59.982582981,8560,142.70809249263996
runner5,runner5,59.994235675,8581,143.03040789593325
