Node,AverageCPUUsage,AverageMemoryUsage
broker,3.0435024345104535,5.930210428786432
