Node,AverageCPUUsage,AverageMemoryUsage
runner1,3.041785523182342,5.926799655884524
