Node,AverageCPUUsage,AverageMemoryUsage
broker,14.503232622929737,4.857227850228358
