Receiver,Sender,SumTotalLatency,TotalMessagesRecv,AverageLatencyMs
runner1,overall,52186682430,85556,0.6099710415400439
runner1,runner1,52186682430,85556,0.6099710415400439
