Node,AverageCPUUsage,AverageMemoryUsage
runner1,50.26753695141317,9.034083421374278
