Receiver,Sender,DurationSeconds,TotalMessagesRecv,AverageThroughput
runner1,overall,600.019184432,338683,564.4536187965551
runner1,runner1,600.019184432,338683,564.4536187965551
