Node,AverageCPUUsage,AverageMemoryUsage
runner1,39.839652572626576,6.361559332866375
