Receiver,Sender,DurationSeconds,TotalMessagesRecv,AverageThroughput
runner1,overall,600.049783943,341445,569.0277859219004
runner1,runner1,600.049783943,341445,569.0277859219004
