Node,AverageCPUUsage,AverageMemoryUsage
runner1,17.868853667649155,7.434101998604574
