Node,AverageCPUUsage,AverageMemoryUsage
runner1,2.012454148804689,5.0555387828128655
