Receiver,Sender,SumTotalLatency,TotalMessagesRecv,AverageLatencyMs
runner1,overall,77753107000,86144,0.9025945742013373
runner1,runner1,77753107000,86144,0.9025945742013373
