Node,AverageCPUUsage,AverageMemoryUsage
runner1,14.308895495833424,6.642345693859389
