Node,AverageCPUUsage,AverageMemoryUsage
broker,53.77985822495879,10.704247288259491
