Node,AverageCPUUsage,AverageMemoryUsage
runner1,53.78512240194356,10.702463102834923
