Receiver,Sender,DurationSeconds,TotalMessagesRecv,AverageThroughput
runner1,overall,600.021839055,343471,572.4308310859938
runner1,runner1,600.021839055,343471,572.4308310859938
