Receiver,Sender,SumTotalLatency,TotalMessagesRecv,AverageLatencyMs
runner1,overall,591045549336,74101,7.9762155616793295
runner1,runner1,591045549336,74101,7.9762155616793295
