Node,AverageCPUUsage,AverageMemoryUsage
runner1,27.341449401577332,7.698283585420472
