Receiver,Sender,SumTotalLatency,TotalMessagesRecv,AverageLatencyMs
runner3,overall,74035165023,42902,1.7256809711202277
runner3,runner1,13518281142,8682,1.5570468949550795
runner3,runner2,15278767288,8561,1.784694228244364
runner3,runner3,14982841315,8518,1.7589623520779525
runner3,runner4,15178633994,8560,1.7732049058411214
runner3,runner5,15076641284,8581,1.7569795226663558
