Node,AverageCPUUsage,AverageMemoryUsage
runner3,62.270301405139726,11.093042930432418
