Receiver,Sender,DurationSeconds,TotalMessagesRecv,AverageThroughput
runner3,overall,60.005782809,42902,714.9644249548115
runner3,runner1,60.005782809,8682,144.68605513630305
runner3,runner2,60.005239402,8561,142.6708748322177
runner3,runner3,59.999214154,8518,141.96852608997256
runner3,runner4,59.983798619,8560,142.70520035536066
runner3,runner5,59.993671439,8581,143.03175308623904
