Node,AverageCPUUsage,AverageMemoryUsage
broker,2.2082383380294677,5.875929858632251
