Node,AverageCPUUsage,AverageMemoryUsage
runner1,2.206536956352064,5.872101519039221
