Node,AverageCPUUsage,AverageMemoryUsage
broker,3.6319925568635694,6.296510704179198
