Node,AverageCPUUsage,AverageMemoryUsage
runner1,3.6310715145108197,6.292184692189542
