Node,AverageCPUUsage,AverageMemoryUsage
broker,1.9485754507573936,9.105147717070516
