Node,AverageCPUUsage,AverageMemoryUsage
runner1,1.9481384206968972,9.101148246244682
