Receiver,Sender,SumTotalLatency,TotalMessagesRecv,AverageLatencyMs
runner2,overall,81413733401,42902,1.8976675539834973
runner2,runner1,14977493312,8682,1.7251201695461875
runner2,runner2,16771887395,8561,1.95910377233968
runner2,runner3,16471971281,8518,1.933783902441888
runner2,runner4,16730431293,8560,1.9544896370327103
runner2,runner5,16461950120,8581,1.918418613215243
