Node,AverageCPUUsage,AverageMemoryUsage
runner2,62.25094716927713,11.092698290427021
