Receiver,Sender,DurationSeconds,TotalMessagesRecv,AverageThroughput
runner2,overall,60.006041439,42902,714.9613434109405
runner2,runner1,60.006041439,8682,144.68543152985373
runner2,runner2,60.004933686,8561,142.67160171860004
runner2,runner3,60.002980535,8518,141.9596147399947
runner2,runner4,59.982456054,8560,142.70839447277297
runner2,runner5,59.994352395,8581,143.03012962792062
