Node,AverageCPUUsage,AverageMemoryUsage
runner1,20.969230934255602,6.5080729113898315
