Receiver,Sender,SumTotalLatency,TotalMessagesRecv,AverageLatencyMs
runner4,overall,80051353680,42902,1.8659119313784904
runner4,runner1,14573424442,8682,1.6785791801428243
runner4,runner2,16573315300,8561,1.9359088073823152
runner4,runner3,16225786157,8518,1.904882150387415
runner4,runner4,16513818982,8560,1.9291844605140187
runner4,runner5,16165008799,8581,1.883814100804102
