Node,AverageCPUUsage,AverageMemoryUsage
runner4,62.2658345692847,11.093614773181104
