Receiver,Sender,DurationSeconds,TotalMessagesRecv,AverageThroughput
runner4,overall,60.005645056,42902,714.9660662752963
runner4,runner1,60.005645056,8682,144.68638728735542
runner4,runner2,60.00510338,8561,142.6711982443384
runner4,runner3,60.004433488,8518,141.95617731652237
runner4,runner4,59.983882422,8560,142.70500098307224
runner4,runner5,59.996469623,8581,143.02508220767749
