Receiver,Sender,SumTotalLatency,TotalMessagesRecv,AverageLatencyMs
runner1,overall,3611191329895,342649,10.539039454062321
runner1,runner1,3611191329895,342649,10.539039454062321
