Node,AverageCPUUsage,AverageMemoryUsage
runner1,36.11099075142036,5.767134580327189
