Receiver,Sender,DurationSeconds,TotalMessagesRecv,AverageThroughput
runner1,overall,600.089642458,342649,570.9963574716787
runner1,runner1,600.089642458,342649,570.9963574716787
