Node,AverageCPUUsage,AverageMemoryUsage
runner1,2.3803880328937583,9.764407705935641
