Receiver,Sender,SumTotalLatency,TotalMessagesRecv,AverageLatencyMs
runner1,overall,2655848321096,343428,7.73334824503535
runner1,runner1,2655848321096,343428,7.73334824503535
