Node,AverageCPUUsage,AverageMemoryUsage
runner1,55.38663740638779,9.613085414729602
