Node,AverageCPUUsage,AverageMemoryUsage
runner1,1.9676045493915648,8.471022463418997
