Node,AverageCPUUsage,AverageMemoryUsage
broker,27.108111234649577,9.063565785367581
