Receiver,Sender,SumTotalLatency,TotalMessagesRecv,AverageLatencyMs
runner1,overall,179970592128,87149,2.065090731138625
runner1,runner1,179970592128,87149,2.065090731138625
