Node,AverageCPUUsage,AverageMemoryUsage
runner1,27.107625061723265,9.059800513316633
