Receiver,Sender,DurationSeconds,TotalMessagesRecv,AverageThroughput
runner1,overall,599.960205939,87149,145.25796734068848
runner1,runner1,599.960205939,87149,145.25796734068848
