Receiver,Sender,SumTotalLatency,TotalMessagesRecv,AverageLatencyMs
runner1,overall,5351157443920,136895,39.08950249402827
runner1,runner1,5351157443920,136895,39.08950249402827
