Node,AverageCPUUsage,AverageMemoryUsage
runner1,49.14715506484867,9.208503404678275
