Node,AverageCPUUsage,AverageMemoryUsage
broker,15.265227702990344,5.924574949857781
