Node,AverageCPUUsage,AverageMemoryUsage
runner1,15.26537109792969,5.920801047298352
