Receiver,Sender,DurationSeconds,TotalMessagesRecv,AverageThroughput
runner1,overall,599.982367033,86274,143.79422586473245
runner1,runner1,599.982367033,86274,143.79422586473245
