Node,AverageCPUUsage,AverageMemoryUsage
runner1,2.8045425391021355,8.520173452361485
