Node,AverageCPUUsage,AverageMemoryUsage
runner1,44.82164395934491,6.240243374763926
