Node,AverageCPUUsage,AverageMemoryUsage
broker,14.789149474145258,6.008129272864724
