Receiver,Sender,SumTotalLatency,TotalMessagesRecv,AverageLatencyMs
runner1,overall,41025955474,85678,0.4788388556455566
runner1,runner1,41025955474,85678,0.4788388556455566
