Node,AverageCPUUsage,AverageMemoryUsage
runner1,14.793533165602634,6.00562636462545
