Receiver,Sender,DurationSeconds,TotalMessagesRecv,AverageThroughput
runner1,overall,599.982528057,85678,142.80082501312498
runner1,runner1,599.982528057,85678,142.80082501312498
