Node,AverageCPUUsage,AverageMemoryUsage
runner1,19.371849625793338,8.82781765187276
