Node,AverageCPUUsage,AverageMemoryUsage
runner1,26.491552345768127,8.423575594714398
