Receiver,Sender,DurationSeconds,TotalMessagesRecv,AverageThroughput
runner1,overall,601.974801537,78009,129.58848078162492
runner1,runner1,601.974801537,78009,129.58848078162492
