Node,AverageCPUUsage,AverageMemoryUsage
runner1,49.61318692339669,8.942504589340759
