Receiver,Sender,DurationSeconds,TotalMessagesRecv,AverageThroughput
runner1,overall,600.064768145,340171,566.8904725927866
runner1,runner1,600.064768145,340171,566.8904725927866
